Model,Accuracy,F1-score,ROC-AUC
Logistic Regression,0.791,0.7317073170731707,0.8723214019610764
Decision Tree,0.711,0.6290115532734274,0.6989304767297793
Random Forest,0.806,0.722857142857143,0.8484338211188269
